"Data","Último","Abertura","Máxima","Mínima","Vol.","Var%"
"19.02.2026","6.861,89","6.861,34","6.879,12","6.833,06","-","-0,28%"
"18.02.2026","6.881,31","6.855,48","6.909,12","6.849,66","-","0,56%"
"17.02.2026","6.843,22","6.819,86","6.866,99","6.775,50","-","0,10%"
"13.02.2026","6.836,17","6.834,27","6.881,96","6.794,55","-","0,05%"
"12.02.2026","6.832,76","6.957,54","6.973,22","6.824,04","-","-1,57%"
"11.02.2026","6.941,47","6.976,48","6.993,48","6.911,97","-","-0,00%"
"10.02.2026","6.941,81","6.974,49","6.986,83","6.937,53","-","-0,33%"
"09.02.2026","6.964,82","6.917,26","6.980,10","6.905,87","-","0,47%"
"06.02.2026","6.932,30","6.816,74","6.944,89","6.816,74","-","1,97%"
"05.02.2026","6.798,40","6.837,39","6.857,85","6.780,13","-","-1,23%"
"04.02.2026","6.882,72","6.924,50","6.936,09","6.838,80","-","-0,51%"
"03.02.2026","6.917,81","6.985,45","6.993,08","6.862,05","-","-0,84%"
"02.02.2026","6.976,44","6.916,64","6.991,92","6.914,34","-","0,54%"
"30.01.2026","6.939,03","6.947,27","6.964,09","6.893,48","-","-0,43%"
"29.01.2026","6.969,01","6.977,74","6.992,84","6.870,80","-","-0,13%"
"28.01.2026","6.978,03","7.002,00","7.002,28","6.963,46","-","-0,01%"
"27.01.2026","6.978,60","6.965,96","6.988,82","6.958,83","-","0,41%"
"26.01.2026","6.950,23","6.923,23","6.964,66","6.921,60","-","0,50%"
"23.01.2026","6.915,61","6.907,85","6.932,96","6.895,50","-","0,03%"
"22.01.2026","6.913,35","6.914,44","6.934,75","6.893,62","-","0,55%"
"21.01.2026","6.875,62","6.810,71","6.910,39","6.804,96","-","1,16%"
"20.01.2026","6.796,86","6.865,24","6.871,17","6.789,05","-","-2,06%"
"16.01.2026","6.940,01","6.960,54","6.967,30","6.925,09","-","-0,06%"
"15.01.2026","6.944,47","6.969,46","6.979,34","6.937,93","-","0,26%"
"14.01.2026","6.926,60","6.937,41","6.941,30","6.885,74","-","-0,53%"
"13.01.2026","6.963,74","6.977,41","6.985,83","6.938,77","-","-0,19%"
"12.01.2026","6.977,27","6.944,12","6.986,33","6.934,07","-","0,16%"
"09.01.2026","6.966,28","6.927,83","6.978,36","6.917,64","-","0,65%"
"08.01.2026","6.921,46","6.914,11","6.931,28","6.899,33","-","0,01%"
"07.01.2026","6.920,93","6.945,07","6.965,69","6.919,19","-","-0,34%"
"06.01.2026","6.944,82","6.908,03","6.948,69","6.904,02","-","0,62%"
"05.01.2026","6.902,05","6.892,19","6.920,38","6.891,56","-","0,64%"
"02.01.2026","6.858,47","6.878,11","6.894,87","6.824,31","-","0,19%"
"31.12.2025","6.845,50","6.898,82","6.901,42","6.844,55","-","-0,74%"
"30.12.2025","6.896,24","6.900,44","6.913,25","6.893,47","-","-0,14%"
"29.12.2025","6.905,74","6.903,60","6.920,21","6.888,76","-","-0,35%"
"26.12.2025","6.929,94","6.936,02","6.945,77","6.921,60","-","-0,03%"
"24.12.2025","6.932,05","6.904,91","6.937,32","6.904,91","-","0,32%"
"23.12.2025","6.909,79","6.872,41","6.910,88","6.868,81","-","0,46%"
"22.12.2025","6.878,49","6.865,21","6.882,03","6.855,74","-","0,64%"
"19.12.2025","6.834,50","6.792,62","6.840,02","6.792,62","-","0,88%"
"18.12.2025","6.774,76","6.778,06","6.816,13","6.758,50","-","0,79%"
"17.12.2025","6.721,43","6.802,88","6.812,26","6.720,43","-","-1,16%"
"16.12.2025","6.800,26","6.800,12","6.819,27","6.759,74","-","-0,24%"
"15.12.2025","6.816,51","6.860,19","6.861,59","6.801,49","-","-0,16%"
"12.12.2025","6.827,41","6.886,85","6.899,85","6.801,79","-","-1,07%"
"11.12.2025","6.901,00","6.861,30","6.903,46","6.833,45","-","0,21%"
"10.12.2025","6.886,68","6.833,49","6.900,67","6.824,69","-","0,67%"
"09.12.2025","6.840,51","6.840,61","6.864,92","6.837,43","-","-0,09%"
"08.12.2025","6.846,51","6.875,20","6.878,27","6.827,19","-","-0,35%"
"05.12.2025","6.870,40","6.866,32","6.895,78","6.858,29","-","0,19%"
"04.12.2025","6.857,12","6.866,47","6.866,47","6.827,12","-","0,11%"
"03.12.2025","6.849,72","6.815,29","6.862,42","6.810,43","-","0,30%"
"02.12.2025","6.829,37","6.830,96","6.851,55","6.806,71","-","0,25%"
"01.12.2025","6.812,63","6.812,30","6.843,65","6.799,94","-","-0,53%"
"28.11.2025","6.849,09","6.822,52","6.850,86","6.819,75","-","0,54%"
"26.11.2025","6.812,61","6.793,55","6.831,44","6.783,87","-","0,69%"
"25.11.2025","6.765,88","6.697,03","6.776,40","6.659,98","-","0,91%"
"24.11.2025","6.705,12","6.636,54","6.715,75","6.630,70","-","1,55%"
"21.11.2025","6.602,99","6.555,77","6.660,05","6.521,92","-","0,98%"
"20.11.2025","6.538,76","6.737,93","6.770,35","6.534,05","-","-1,56%"
"19.11.2025","6.642,16","6.625,84","6.689,75","6.603,50","-","0,38%"
"18.11.2025","6.617,32","6.641,19","6.666,63","6.574,32","-","-0,83%"
"17.11.2025","6.672,41","6.713,61","6.754,50","6.638,90","-","-0,92%"
"14.11.2025","6.734,11","6.672,14","6.774,31","6.646,87","-","-0,05%"
"13.11.2025","6.737,49","6.826,47","6.828,05","6.724,72","-","-1,66%"
"12.11.2025","6.850,92","6.867,77","6.869,91","6.829,62","-","0,06%"
"11.11.2025","6.846,61","6.815,64","6.855,13","6.806,87","-","0,21%"
"10.11.2025","6.832,43","6.785,36","6.841,32","6.770,56","-","1,54%"
"07.11.2025","6.728,80","6.696,18","6.730,11","6.631,44","-","0,13%"
"06.11.2025","6.720,32","6.787,59","6.796,68","6.707,51","-","-1,12%"
"05.11.2025","6.796,29","6.769,77","6.829,78","6.763,11","-","0,37%"
"04.11.2025","6.771,55","6.788,52","6.820,21","6.766,71","-","-1,17%"
"03.11.2025","6.851,97","6.882,32","6.882,32","6.820,62","-","0,17%"
"31.10.2025","6.840,20","6.879,17","6.879,17","6.814,26","-","0,26%"
"30.10.2025","6.822,34","6.860,50","6.880,75","6.820,69","-","-0,99%"
"29.10.2025","6.890,59","6.910,95","6.920,34","6.851,91","-","-0,00%"
"28.10.2025","6.890,89","6.897,74","6.911,30","6.870,73","-","0,23%"
"27.10.2025","6.875,16","6.845,46","6.877,28","6.843,94","-","1,23%"
"24.10.2025","6.791,69","6.772,07","6.807,11","6.772,07","-","0,79%"
"23.10.2025","6.738,44","6.703,65","6.749,53","6.700,14","-","0,58%"
"22.10.2025","6.699,40","6.741,34","6.741,75","6.655,69","-","-0,53%"
"21.10.2025","6.735,35","6.736,75","6.752,16","6.722,03","-","0,00%"
"20.10.2025","6.735,13","6.690,05","6.744,35","6.690,05","-","1,07%"
"17.10.2025","6.664,01","6.613,27","6.678,88","6.603,76","-","0,53%"
"16.10.2025","6.629,07","6.689,02","6.709,34","6.593,99","-","-0,63%"
"15.10.2025","6.671,06","6.688,27","6.724,12","6.612,11","-","0,40%"
"14.10.2025","6.644,31","6.602,49","6.680,70","6.555,07","-","-0,16%"
"13.10.2025","6.654,72","6.622,53","6.668,68","6.620,71","-","1,56%"
"10.10.2025","6.552,51","6.740,49","6.762,40","6.550,78","-","-2,71%"
"09.10.2025","6.735,11","6.760,50","6.764,58","6.716,17","-","-0,28%"
"08.10.2025","6.753,72","6.723,87","6.755,64","6.718,09","-","0,58%"
"07.10.2025","6.714,59","6.746,14","6.754,49","6.699,96","-","-0,38%"
"06.10.2025","6.740,28","6.733,86","6.749,52","6.717,78","-","0,36%"
"03.10.2025","6.715,79","6.722,14","6.750,87","6.705,67","-","0,01%"
"02.10.2025","6.715,35","6.731,31","6.731,94","6.693,23","-","0,06%"
"01.10.2025","6.711,20","6.664,92","6.718,48","6.656,20","-","0,34%"
"30.09.2025","6.688,46","6.656,19","6.691,25","6.641,00","-","0,41%"
"29.09.2025","6.661,21","6.661,58","6.677,31","6.644,49","-","0,26%"
"26.09.2025","6.643,70","6.615,38","6.648,97","6.604,43","-","0,59%"
"25.09.2025","6.604,72","6.608,19","6.619,00","6.569,22","-","-0,50%"
"24.09.2025","6.637,97","6.669,79","6.672,66","6.621,76","-","-0,28%"
"23.09.2025","6.656,92","6.692,44","6.699,52","6.645,58","-","-0,55%"
"22.09.2025","6.693,75","6.654,28","6.698,88","6.648,07","-","0,44%"
"19.09.2025","6.664,36","6.647,11","6.671,82","6.630,31","-","0,49%"
"18.09.2025","6.631,96","6.626,85","6.656,80","6.611,89","-","0,48%"
"17.09.2025","6.600,35","6.604,87","6.624,39","6.551,15","-","-0,10%"
"16.09.2025","6.606,76","6.624,13","6.626,99","6.600,11","-","-0,13%"
"15.09.2025","6.615,28","6.603,49","6.619,62","6.602,07","-","0,47%"
"12.09.2025","6.584,29","6.590,66","6.600,21","6.579,49","-","-0,05%"
"11.09.2025","6.587,47","6.554,41","6.592,89","6.545,80","-","0,85%"
"10.09.2025","6.532,04","6.550,29","6.555,97","6.516,34","-","0,30%"
"09.09.2025","6.512,61","6.503,33","6.518,23","6.483,08","-","0,27%"
"08.09.2025","6.495,15","6.498,09","6.508,67","6.483,29","-","0,21%"
"05.09.2025","6.481,50","6.529,08","6.532,65","6.443,98","-","-0,32%"
"04.09.2025","6.502,08","6.456,60","6.502,54","6.445,98","-","0,83%"
"03.09.2025","6.448,26","6.445,82","6.453,67","6.416,17","-","0,51%"
"02.09.2025","6.415,54","6.401,51","6.416,54","6.360,58","-","-0,69%"
"29.08.2025","6.460,26","6.489,28","6.491,76","6.444,57","-","-0,64%"
"28.08.2025","6.501,86","6.483,84","6.508,23","6.466,96","-","0,32%"
"27.08.2025","6.481,40","6.462,26","6.487,06","6.457,84","-","0,24%"
"26.08.2025","6.465,94","6.435,49","6.468,37","6.429,21","-","0,41%"
"25.08.2025","6.439,32","6.457,67","6.466,89","6.438,06","-","-0,43%"
"22.08.2025","6.466,91","6.384,59","6.478,89","6.384,59","-","1,52%"
"21.08.2025","6.370,17","6.380,83","6.393,65","6.352,71","-","-0,40%"
"20.08.2025","6.395,78","6.406,62","6.408,40","6.343,86","-","-0,24%"
"19.08.2025","6.411,37","6.446,24","6.456,48","6.400,22","-","-0,59%"
"18.08.2025","6.449,15","6.445,02","6.455,35","6.437,70","-","-0,01%"
"15.08.2025","6.449,80","6.477,38","6.481,34","6.441,85","-","-0,29%"
"14.08.2025","6.468,54","6.453,46","6.473,92","6.441,07","-","0,03%"
"13.08.2025","6.466,58","6.462,67","6.480,28","6.445,02","-","0,32%"
"12.08.2025","6.445,76","6.395,17","6.446,55","6.385,76","-","1,13%"
"11.08.2025","6.373,45","6.389,67","6.407,25","6.364,06","-","-0,25%"
"08.08.2025","6.389,45","6.355,22","6.395,16","6.355,22","-","0,78%"
"07.08.2025","6.340,00","6.374,32","6.389,71","6.310,32","-","-0,08%"
"06.08.2025","6.345,06","6.309,30","6.352,83","6.301,11","-","0,73%"
"05.08.2025","6.299,19","6.336,63","6.346,00","6.289,37","-","-0,49%"
"04.08.2025","6.329,94","6.271,71","6.330,69","6.271,71","-","1,47%"
"01.08.2025","6.238,01","6.287,28","6.287,28","6.212,69","-","-1,60%"
"31.07.2025","6.339,39","6.427,02","6.427,02","6.327,64","-","-0,37%"
"30.07.2025","6.362,90","6.381,23","6.396,54","6.336,38","-","-0,12%"
"29.07.2025","6.370,86","6.405,62","6.409,26","6.363,92","-","-0,30%"
"28.07.2025","6.389,77","6.397,69","6.401,07","6.375,79","-","0,02%"
"25.07.2025","6.388,64","6.370,01","6.395,82","6.368,53","-","0,40%"
"24.07.2025","6.363,35","6.368,60","6.381,31","6.360,57","-","0,07%"
"23.07.2025","6.358,91","6.326,90","6.360,64","6.317,49","-","0,78%"
"22.07.2025","6.309,62","6.306,60","6.316,12","6.281,71","-","0,06%"
"21.07.2025","6.305,60","6.304,74","6.336,08","6.303,79","-","0,14%"
"18.07.2025","6.296,79","6.312,95","6.315,61","6.285,27","-","-0,01%"
"17.07.2025","6.297,36","6.263,40","6.304,69","6.262,27","-","0,54%"
"16.07.2025","6.263,70","6.254,50","6.268,12","6.201,59","-","0,32%"
"15.07.2025","6.243,76","6.295,29","6.302,04","6.241,68","-","-0,40%"
"14.07.2025","6.268,56","6.255,15","6.273,31","6.239,22","-","0,14%"
"11.07.2025","6.259,75","6.255,68","6.269,44","6.237,60","-","-0,33%"
"10.07.2025","6.280,46","6.266,80","6.290,22","6.251,44","-","0,27%"
"09.07.2025","6.263,26","6.243,33","6.269,16","6.231,43","-","0,61%"
"08.07.2025","6.225,52","6.234,03","6.242,70","6.217,75","-","-0,07%"
"07.07.2025","6.229,98","6.259,04","6.262,07","6.201,00","-","-0,79%"
"03.07.2025","6.279,35","6.246,46","6.284,65","6.246,46","-","0,83%"
"02.07.2025","6.227,42","6.193,88","6.227,60","6.188,29","-","0,47%"
"01.07.2025","6.198,01","6.187,25","6.210,78","6.177,97","-","-0,11%"
"30.06.2025","6.204,95","6.193,36","6.215,08","6.174,97","-","0,52%"
"27.06.2025","6.173,07","6.150,70","6.187,68","6.132,35","-","0,52%"
"26.06.2025","6.141,02","6.112,09","6.146,52","6.107,27","-","0,80%"
"25.06.2025","6.092,16","6.104,23","6.108,51","6.080,09","-","-0,00%"
"24.06.2025","6.092,18","6.061,21","6.101,76","6.059,25","-","1,11%"
"23.06.2025","6.025,17","5.969,67","6.028,77","5.943,23","-","0,96%"
"20.06.2025","5.967,84","5.999,67","6.018,20","5.952,56","-","-0,22%"
"18.06.2025","5.980,87","5.987,93","6.018,25","5.971,89","-","-0,03%"
"17.06.2025","5.982,72","6.012,15","6.023,25","5.974,80","-","-0,84%"
"16.06.2025","6.033,11","6.004,00","6.050,83","6.004,00","-","0,94%"
"13.06.2025","5.976,97","6.000,56","6.026,16","5.963,21","-","-1,13%"
"12.06.2025","6.045,26","6.009,90","6.045,43","6.003,88","-","0,38%"
"11.06.2025","6.022,24","6.049,38","6.059,40","6.002,32","-","-0,27%"
"10.06.2025","6.038,81","6.009,91","6.043,01","6.000,28","-","0,55%"
"09.06.2025","6.005,88","6.004,63","6.021,31","5.994,18","-","0,09%"
"06.06.2025","6.000,36","5.987,06","6.016,87","5.978,63","-","1,03%"
"05.06.2025","5.939,30","5.985,67","5.999,70","5.921,20","-","-0,53%"
"04.06.2025","5.970,81","5.978,94","5.990,48","5.966,11","-","0,01%"
"03.06.2025","5.970,37","5.938,56","5.981,35","5.929,00","-","0,58%"
"02.06.2025","5.935,94","5.896,68","5.937,40","5.861,43","-","0,41%"
"30.05.2025","5.911,69","5.903,67","5.922,14","5.843,66","-","-0,01%"
"29.05.2025","5.912,17","5.939,96","5.943,13","5.873,80","-","0,40%"
"28.05.2025","5.888,55","5.925,54","5.939,92","5.881,88","-","-0,56%"
"27.05.2025","5.921,54","5.854,07","5.924,33","5.854,07","-","2,05%"
"23.05.2025","5.802,82","5.781,89","5.829,51","5.767,41","-","-0,67%"
"22.05.2025","5.842,01","5.841,26","5.878,08","5.825,82","-","-0,04%"
"21.05.2025","5.844,61","5.910,18","5.938,37","5.830,91","-","-1,61%"
"20.05.2025","5.940,46","5.944,66","5.953,06","5.909,26","-","-0,39%"
"19.05.2025","5.963,60","5.902,88","5.968,61","5.895,69","-","0,09%"
"16.05.2025","5.958,38","5.929,09","5.958,62","5.907,36","-","0,70%"
"15.05.2025","5.916,93","5.869,82","5.924,21","5.865,16","-","0,41%"
"14.05.2025","5.892,58","5.896,74","5.906,55","5.872,11","-","0,10%"
"13.05.2025","5.886,55","5.854,15","5.906,64","5.845,02","-","0,72%"
"12.05.2025","5.844,19","5.807,20","5.845,37","5.786,08","-","3,26%"
"09.05.2025","5.659,91","5.679,65","5.691,69","5.644,15","-","-0,07%"
"08.05.2025","5.663,94","5.663,60","5.720,10","5.635,38","-","0,58%"
"07.05.2025","5.631,28","5.614,18","5.654,73","5.578,64","-","0,43%"
"06.05.2025","5.606,91","5.605,87","5.649,58","5.586,04","-","-0,77%"
"05.05.2025","5.650,38","5.655,32","5.683,38","5.634,48","-","-0,64%"
"02.05.2025","5.686,67","5.645,88","5.700,70","5.642,28","-","1,47%"
"01.05.2025","5.604,14","5.625,14","5.658,91","5.597,35","-","0,63%"
"30.04.2025","5.569,06","5.499,44","5.581,84","5.433,24","-","0,15%"
"29.04.2025","5.560,83","5.508,87","5.571,95","5.505,70","-","0,58%"
"28.04.2025","5.528,75","5.529,22","5.553,66","5.468,64","-","0,06%"
"25.04.2025","5.525,21","5.489,73","5.528,11","5.455,86","-","0,74%"
"24.04.2025","5.484,77","5.381,38","5.489,40","5.371,96","-","2,03%"
"23.04.2025","5.375,86","5.395,92","5.469,69","5.356,17","-","1,67%"
"22.04.2025","5.287,76","5.207,67","5.309,61","5.207,67","-","2,51%"
"21.04.2025","5.158,20","5.232,94","5.232,94","5.101,63","-","-2,36%"
"17.04.2025","5.282,70","5.305,45","5.328,31","5.255,58","-","0,13%"
"16.04.2025","5.275,70","5.335,75","5.367,24","5.220,79","-","-2,24%"
"15.04.2025","5.396,63","5.411,99","5.450,41","5.386,44","-","-0,17%"
"14.04.2025","5.405,97","5.441,96","5.459,46","5.358,02","-","0,79%"
"11.04.2025","5.363,36","5.255,56","5.381,46","5.220,77","-","1,81%"
"10.04.2025","5.268,05","5.353,15","5.353,15","5.115,27","-","-3,46%"
"09.04.2025","5.456,90","4.965,28","5.481,34","4.948,43","-","9,52%"
"08.04.2025","4.982,77","5.193,57","5.267,47","4.910,42","-","-1,57%"
"07.04.2025","5.062,25","4.953,79","5.246,57","4.835,04","-","-0,23%"
"04.04.2025","5.074,08","5.292,14","5.292,14","5.069,90","-","-5,97%"
"03.04.2025","5.396,52","5.492,74","5.499,53","5.390,83","-","-4,84%"
"02.04.2025","5.670,97","5.580,76","5.695,31","5.571,48","-","0,67%"
"01.04.2025","5.633,07","5.597,53","5.650,57","5.558,52","-","0,38%"
"31.03.2025","5.611,85","5.527,91","5.627,56","5.488,73","-","0,55%"
"28.03.2025","5.580,94","5.679,20","5.685,89","5.572,42","-","-1,97%"
"27.03.2025","5.693,31","5.695,64","5.732,28","5.670,94","-","-0,33%"
"26.03.2025","5.712,20","5.771,66","5.783,62","5.694,41","-","-1,12%"
"25.03.2025","5.776,65","5.775,96","5.786,95","5.760,42","-","0,16%"
"24.03.2025","5.767,57","5.718,08","5.775,14","5.718,08","-","1,76%"
"21.03.2025","5.667,56","5.630,73","5.670,84","5.603,10","-","0,08%"
"20.03.2025","5.662,89","5.646,92","5.711,15","5.632,33","-","-0,22%"
"19.03.2025","5.675,29","5.632,37","5.715,33","5.622,20","-","1,08%"
"18.03.2025","5.614,66","5.654,53","5.654,53","5.597,76","-","-1,07%"
"17.03.2025","5.675,12","5.635,60","5.703,52","5.631,12","-","0,64%"
"14.03.2025","5.638,94","5.563,85","5.645,27","5.563,85","-","2,13%"
"13.03.2025","5.521,52","5.594,45","5.597,78","5.504,65","-","-1,39%"
"12.03.2025","5.599,30","5.624,84","5.642,19","5.546,09","-","0,49%"
"11.03.2025","5.572,07","5.603,65","5.636,30","5.528,41","-","-0,76%"
"10.03.2025","5.614,56","5.705,37","5.705,37","5.564,02","-","-2,70%"
"07.03.2025","5.770,20","5.726,01","5.783,01","5.666,29","-","0,55%"
"06.03.2025","5.738,52","5.785,87","5.812,08","5.711,64","-","-1,78%"
"05.03.2025","5.842,63","5.781,36","5.860,59","5.742,35","-","1,12%"
"04.03.2025","5.778,15","5.811,98","5.865,08","5.732,59","-","-1,22%"
"03.03.2025","5.849,72","5.968,33","5.986,09","5.810,91","-","-1,76%"
"28.02.2025","5.954,50","5.856,74","5.959,40","5.837,66","-","1,59%"
"27.02.2025","5.861,57","5.981,88","5.993,69","5.858,78","-","-1,59%"
"26.02.2025","5.956,06","5.970,87","6.009,82","5.932,69","-","0,01%"
"25.02.2025","5.955,25","5.982,73","5.992,65","5.908,49","-","-0,47%"
"24.02.2025","5.983,25","6.026,69","6.043,65","5.977,83","-","-0,50%"
"21.02.2025","6.013,13","6.114,10","6.114,82","6.008,56","-","-1,71%"
"20.02.2025","6.117,52","6.134,50","6.134,50","6.084,59","-","-0,43%"
"19.02.2025","6.144,15","6.117,76","6.147,43","6.111,15","-","0,24%"
"18.02.2025","6.129,58","6.121,60","6.129,63","6.099,51","-","0,24%"
"14.02.2025","6.114,63","6.115,52","6.127,47","6.107,62","-","-0,01%"
"13.02.2025","6.115,07","6.060,59","6.116,91","6.050,95","-","1,04%"
"12.02.2025","6.051,97","6.025,08","6.063,00","6.003,00","-","-0,27%"
"11.02.2025","6.068,50","6.049,32","6.076,28","6.042,34","-","0,03%"
"10.02.2025","6.066,44","6.046,40","6.073,38","6.044,84","-","0,67%"
"07.02.2025","6.025,99","6.083,13","6.101,28","6.019,96","-","-0,95%"
"06.02.2025","6.083,57","6.072,22","6.084,03","6.046,83","-","0,36%"
"05.02.2025","6.061,48","6.020,45","6.062,86","6.007,06","-","0,39%"
"04.02.2025","6.037,88","5.998,14","6.042,48","5.990,87","-","0,72%"
"03.02.2025","5.994,57","5.969,65","6.022,13","5.923,93","-","-0,76%"
"31.01.2025","6.040,53","6.096,79","6.120,91","6.030,93","-","-0,50%"
"30.01.2025","6.071,17","6.050,75","6.086,64","6.027,46","-","0,53%"
"29.01.2025","6.039,31","6.057,70","6.062,83","6.012,96","-","-0,47%"
"28.01.2025","6.067,70","6.026,97","6.074,54","5.994,63","-","0,92%"
"27.01.2025","6.012,28","5.969,04","6.017,17","5.962,92","-","-1,46%"
"24.01.2025","6.101,24","6.121,43","6.128,18","6.088,74","-","-0,29%"
"23.01.2025","6.118,71","6.076,32","6.118,73","6.074,67","-","0,53%"
"22.01.2025","6.086,37","6.081,39","6.100,81","6.076,13","-","0,61%"
"21.01.2025","6.049,24","6.014,12","6.051,51","6.006,88","-","0,88%"
"17.01.2025","5.996,66","5.995,40","6.014,96","5.978,44","-","1,00%"
"16.01.2025","5.937,34","5.963,61","5.964,69","5.930,72","-","-0,21%"
"15.01.2025","5.949,91","5.905,21","5.960,61","5.905,21","-","1,83%"
"14.01.2025","5.842,91","5.859,27","5.871,92","5.805,42","-","0,11%"
"13.01.2025","5.836,22","5.782,02","5.838,61","5.773,31","-","0,16%"
"10.01.2025","5.827,04","5.890,35","5.890,35","5.807,78","-","-1,54%"
"08.01.2025","5.918,25","5.910,66","5.927,89","5.874,78","-","0,16%"
"07.01.2025","5.909,03","5.993,26","6.000,68","5.890,68","-","-1,11%"
"06.01.2025","5.975,38","5.982,81","6.021,04","5.960,01","-","0,55%"
"03.01.2025","5.942,47","5.891,07","5.949,34","5.888,66","-","1,26%"
"02.01.2025","5.868,55","5.903,26","5.935,09","5.829,53","-","-0,22%"
"31.12.2024","5.881,63","5.919,74","5.929,74","5.868,86","-","-0,43%"
"30.12.2024","5.906,94","5.920,67","5.940,79","5.869,16","-","-1,07%"
"27.12.2024","5.970,84","6.006,17","6.006,17","5.932,95","-","-1,11%"
"26.12.2024","6.037,59","6.024,97","6.049,75","6.007,37","-","-0,04%"
"24.12.2024","6.040,04","5.984,63","6.040,10","5.981,44","-","1,10%"
"23.12.2024","5.974,07","5.940,25","5.978,25","5.902,57","-","0,73%"
"20.12.2024","5.930,85","5.842,00","5.982,06","5.832,30","-","1,09%"
"19.12.2024","5.867,08","5.912,71","5.935,52","5.866,07","-","-0,09%"
"18.12.2024","5.872,16","6.047,65","6.070,67","5.867,79","-","-2,95%"
"17.12.2024","6.050,61","6.052,55","6.057,68","6.035,19","-","-0,39%"
"16.12.2024","6.074,08","6.063,79","6.085,19","6.059,14","-","0,38%"
"13.12.2024","6.051,09","6.068,17","6.078,58","6.035,77","-","-0,00%"
"12.12.2024","6.051,25","6.074,29","6.079,68","6.051,25","-","-0,54%"
"11.12.2024","6.084,19","6.060,15","6.092,59","6.060,15","-","0,82%"
"10.12.2024","6.034,91","6.057,59","6.065,40","6.029,89","-","-0,30%"
"09.12.2024","6.052,85","6.083,01","6.088,51","6.048,63","-","-0,61%"
"06.12.2024","6.090,27","6.081,38","6.099,97","6.079,98","-","0,25%"
"05.12.2024","6.075,11","6.089,03","6.094,55","6.072,90","-","-0,19%"
"04.12.2024","6.086,49","6.069,39","6.089,84","6.061,06","-","0,61%"
"03.12.2024","6.049,88","6.042,97","6.052,07","6.033,39","-","0,05%"
"02.12.2024","6.047,15","6.040,11","6.053,58","6.035,33","-","0,24%"
"29.11.2024","6.032,38","6.003,98","6.044,17","6.003,98","-","0,56%"
"27.11.2024","5.998,74","6.014,11","6.020,16","5.984,87","-","-0,38%"
"26.11.2024","6.021,63","6.000,03","6.025,42","5.992,27","-","0,57%"
"25.11.2024","5.987,37","5.992,28","6.020,75","5.963,91","-","0,30%"
"22.11.2024","5.969,34","5.944,36","5.972,90","5.944,36","-","0,35%"
"21.11.2024","5.948,71","5.940,58","5.963,32","5.887,26","-","0,53%"
"20.11.2024","5.917,11","5.914,34","5.920,67","5.860,56","-","0,00%"
"19.11.2024","5.916,98","5.870,05","5.923,51","5.855,29","-","0,40%"
"18.11.2024","5.893,62","5.874,17","5.908,12","5.865,95","-","0,39%"
"15.11.2024","5.870,62","5.912,79","5.915,32","5.853,01","-","-1,32%"
"14.11.2024","5.949,17","5.989,68","5.993,88","5.942,28","-","-0,60%"
"13.11.2024","5.985,38","5.985,75","6.008,19","5.965,91","-","0,02%"
"12.11.2024","5.983,99","6.003,60","6.009,92","5.960,08","-","-0,29%"
"11.11.2024","6.001,35","6.008,86","6.017,31","5.986,69","-","0,10%"
"08.11.2024","5.995,54","5.976,76","6.012,45","5.976,76","-","0,38%"
"07.11.2024","5.973,10","5.947,21","5.983,84","5.947,21","-","0,74%"
"06.11.2024","5.929,04","5.864,89","5.936,14","5.864,89","-","2,53%"
"05.11.2024","5.782,76","5.722,43","5.783,44","5.722,10","-","1,23%"
"04.11.2024","5.712,69","5.725,15","5.741,43","5.696,51","-","-0,28%"
"01.11.2024","5.728,80","5.723,22","5.772,52","5.723,22","-","0,41%"
"31.10.2024","5.705,45","5.775,34","5.775,34","5.702,86","-","-1,86%"
"30.10.2024","5.813,67","5.832,65","5.850,94","5.811,28","-","-0,33%"
"29.10.2024","5.832,92","5.819,68","5.847,19","5.802,17","-","0,16%"
"28.10.2024","5.823,52","5.833,93","5.842,92","5.823,08","-","0,27%"
"25.10.2024","5.808,12","5.826,75","5.862,82","5.799,98","-","-0,03%"
"24.10.2024","5.809,86","5.817,80","5.817,80","5.784,92","-","0,21%"
"23.10.2024","5.797,42","5.834,50","5.834,85","5.762,41","-","-0,92%"
"22.10.2024","5.851,20","5.832,70","5.863,04","5.821,17","-","-0,05%"
"21.10.2024","5.853,98","5.857,82","5.866,92","5.824,79","-","-0,18%"
"18.10.2024","5.864,67","5.859,43","5.872,17","5.846,11","-","0,40%"
"17.10.2024","5.841,47","5.875,62","5.878,46","5.840,25","-","-0,02%"
"16.10.2024","5.842,47","5.816,58","5.846,52","5.808,34","-","0,47%"
"15.10.2024","5.815,26","5.866,74","5.870,36","5.804,48","-","-0,76%"
"14.10.2024","5.859,85","5.829,81","5.871,41","5.829,57","-","0,77%"
"11.10.2024","5.815,03","5.775,09","5.822,13","5.775,09","-","0,61%"
"10.10.2024","5.780,05","5.778,36","5.795,03","5.764,76","-","-0,21%"
"09.10.2024","5.792,04","5.751,80","5.796,80","5.745,02","-","0,71%"
"08.10.2024","5.751,13","5.719,14","5.757,60","5.714,56","-","0,97%"
"07.10.2024","5.695,94","5.737,80","5.739,34","5.686,85","-","-0,96%"
"04.10.2024","5.751,07","5.737,48","5.753,21","5.702,83","-","0,90%"
"03.10.2024","5.699,94","5.698,19","5.718,78","5.677,37","-","-0,17%"
"02.10.2024","5.709,54","5.698,14","5.719,63","5.674,00","-","0,01%"
"01.10.2024","5.708,75","5.757,73","5.757,73","5.681,28","-","-0,93%"
"30.09.2024","5.762,48","5.726,52","5.765,14","5.703,53","-","0,42%"
"27.09.2024","5.738,17","5.755,36","5.763,78","5.727,34","-","-0,13%"
"26.09.2024","5.745,37","5.762,22","5.767,37","5.721,01","-","0,40%"
"25.09.2024","5.722,26","5.733,65","5.741,03","5.712,06","-","-0,19%"
"24.09.2024","5.732,93","5.727,66","5.735,32","5.698,99","-","0,25%"
"23.09.2024","5.718,57","5.711,90","5.725,36","5.704,22","-","0,28%"
"20.09.2024","5.702,55","5.709,64","5.715,14","5.674,49","-","-0,19%"
"19.09.2024","5.713,64","5.702,63","5.733,57","5.686,42","-","1,70%"
"18.09.2024","5.618,26","5.641,68","5.689,75","5.615,08","-","-0,29%"
"17.09.2024","5.634,58","5.655,51","5.670,81","5.614,05","-","0,03%"
"16.09.2024","5.633,09","5.615,21","5.636,05","5.604,53","-","0,13%"
"13.09.2024","5.626,02","5.603,34","5.636,27","5.601,65","-","0,54%"
"12.09.2024","5.595,76","5.557,48","5.600,71","5.535,50","-","0,75%"
"11.09.2024","5.554,13","5.496,42","5.560,41","5.406,96","-","1,07%"
"10.09.2024","5.495,52","5.490,51","5.497,91","5.441,72","-","0,45%"
"09.09.2024","5.471,05","5.442,07","5.484,20","5.434,49","-","1,16%"
"06.09.2024","5.408,42","5.507,33","5.522,47","5.402,62","-","-1,73%"
"05.09.2024","5.503,41","5.520,08","5.546,30","5.480,54","-","-0,30%"
"04.09.2024","5.520,07","5.506,68","5.552,99","5.503,66","-","-0,16%"
"03.09.2024","5.528,93","5.623,89","5.623,89","5.504,33","-","-2,12%"
"30.08.2024","5.648,40","5.612,74","5.651,37","5.581,79","-","1,01%"
"29.08.2024","5.591,96","5.607,30","5.646,95","5.583,71","-","-0,00%"
"28.08.2024","5.592,18","5.624,51","5.627,03","5.560,95","-","-0,60%"
"27.08.2024","5.625,80","5.602,89","5.631,18","5.593,48","-","0,16%"
"26.08.2024","5.616,84","5.639,66","5.651,62","5.602,34","-","-0,32%"
"23.08.2024","5.634,61","5.602,49","5.641,82","5.585,16","-","1,15%"
"22.08.2024","5.570,64","5.637,77","5.643,22","5.560,95","-","-0,89%"
"21.08.2024","5.620,85","5.603,09","5.632,68","5.591,57","-","0,42%"
"20.08.2024","5.597,12","5.602,88","5.620,51","5.585,50","-","-0,20%"
"19.08.2024","5.608,25","5.557,23","5.608,30","5.550,74","-","0,97%"
"16.08.2024","5.554,25","5.530,50","5.561,98","5.525,17","-","0,20%"
"15.08.2024","5.543,22","5.501,13","5.546,23","5.501,13","-","1,61%"
"14.08.2024","5.455,21","5.442,36","5.463,22","5.415,91","-","0,38%"
"13.08.2024","5.434,43","5.376,98","5.436,50","5.376,98","-","1,68%"
"12.08.2024","5.344,39","5.351,88","5.371,20","5.324,37","-","0,00%"
"09.08.2024","5.344,16","5.314,66","5.358,67","5.300,84","-","0,47%"
"08.08.2024","5.319,31","5.252,57","5.328,03","5.233,85","-","2,30%"
"07.08.2024","5.199,50","5.293,13","5.330,64","5.195,54","-","-0,77%"
"06.08.2024","5.240,03","5.206,42","5.312,34","5.193,56","-","1,04%"
"05.08.2024","5.186,33","5.151,14","5.250,89","5.119,26","-","-3,00%"
"02.08.2024","5.346,56","5.376,63","5.383,89","5.302,03","-","-1,84%"
"01.08.2024","5.446,68","5.537,84","5.566,16","5.410,42","-","-1,37%"
"31.07.2024","5.522,30","5.505,59","5.551,51","5.493,75","-","1,58%"
"30.07.2024","5.436,44","5.478,73","5.489,46","5.401,70","-","-0,50%"
"29.07.2024","5.463,54","5.476,55","5.487,74","5.444,44","-","0,08%"
"26.07.2024","5.459,10","5.433,67","5.488,32","5.430,70","-","1,11%"
"25.07.2024","5.399,22","5.428,70","5.491,59","5.390,95","-","-0,51%"
"24.07.2024","5.427,13","5.505,84","5.508,04","5.419,98","-","-2,31%"
"23.07.2024","5.555,74","5.565,30","5.585,34","5.550,90","-","-0,16%"
"22.07.2024","5.564,41","5.544,54","5.570,36","5.529,04","-","1,08%"
"19.07.2024","5.505,00","5.543,37","5.557,50","5.497,04","-","-0,71%"
"18.07.2024","5.544,59","5.608,56","5.614,05","5.522,81","-","-0,78%"
"17.07.2024","5.588,27","5.610,07","5.622,49","5.584,81","-","-1,39%"
"16.07.2024","5.667,20","5.644,09","5.669,67","5.639,02","-","0,64%"
"15.07.2024","5.631,22","5.638,16","5.666,94","5.614,75","-","0,28%"
"12.07.2024","5.615,35","5.590,76","5.655,56","5.590,44","-","0,55%"
"11.07.2024","5.584,54","5.635,21","5.642,45","5.576,53","-","-0,88%"
"10.07.2024","5.633,91","5.591,26","5.635,39","5.586,44","-","1,02%"
"09.07.2024","5.576,98","5.584,24","5.590,75","5.574,57","-","0,07%"
"08.07.2024","5.572,85","5.572,75","5.583,11","5.562,51","-","0,10%"
"05.07.2024","5.567,19","5.537,91","5.570,33","5.531,63","-","0,54%"
"03.07.2024","5.537,02","5.507,44","5.539,27","5.507,42","-","0,51%"
"02.07.2024","5.509,01","5.461,84","5.509,69","5.458,43","-","0,62%"
"01.07.2024","5.475,09","5.471,08","5.479,55","5.446,53","-","0,27%"
"28.06.2024","5.460,48","5.488,48","5.523,64","5.451,12","-","-0,41%"
"27.06.2024","5.482,87","5.473,59","5.490,81","5.467,54","-","0,09%"
"26.06.2024","5.477,90","5.460,71","5.483,14","5.451,87","-","0,16%"
"25.06.2024","5.469,30","5.460,73","5.472,88","5.446,56","-","0,39%"
"24.06.2024","5.447,87","5.459,58","5.490,66","5.447,59","-","-0,31%"
"21.06.2024","5.464,62","5.466,77","5.478,31","5.452,03","-","-0,16%"
"20.06.2024","5.473,17","5.499,99","5.505,53","5.455,56","-","-0,25%"
"18.06.2024","5.487,03","5.476,15","5.490,38","5.471,32","-","0,25%"
"17.06.2024","5.473,23","5.431,11","5.488,50","5.420,40","-","0,77%"
"14.06.2024","5.431,60","5.424,08","5.432,39","5.403,75","-","-0,04%"
"13.06.2024","5.433,74","5.441,93","5.441,93","5.402,51","-","0,23%"
"12.06.2024","5.421,03","5.409,13","5.447,25","5.409,13","-","0,85%"
"11.06.2024","5.375,32","5.353,00","5.375,95","5.327,25","-","0,27%"
"10.06.2024","5.360,79","5.341,22","5.365,79","5.331,52","-","0,26%"
"07.06.2024","5.346,99","5.343,81","5.375,08","5.331,33","-","-0,11%"
"06.06.2024","5.352,96","5.357,80","5.362,35","5.335,36","-","-0,02%"
"05.06.2024","5.354,03","5.314,48","5.354,16","5.297,64","-","1,18%"
"04.06.2024","5.291,34","5.278,24","5.298,80","5.257,63","-","0,15%"
"03.06.2024","5.283,40","5.297,15","5.302,11","5.234,32","-","0,11%"
"31.05.2024","5.277,51","5.243,21","5.280,33","5.191,68","-","0,80%"
"30.05.2024","5.235,48","5.259,77","5.260,21","5.222,10","-","-0,60%"
"29.05.2024","5.266,95","5.278,73","5.282,27","5.262,70","-","-0,74%"
"28.05.2024","5.306,04","5.315,91","5.315,91","5.280,89","-","0,02%"
"24.05.2024","5.304,72","5.281,45","5.311,65","5.278,39","-","0,70%"
"23.05.2024","5.267,84","5.340,26","5.341,88","5.256,93","-","-0,74%"
"22.05.2024","5.307,01","5.319,28","5.323,18","5.286,01","-","-0,27%"
"21.05.2024","5.321,41","5.298,69","5.324,32","5.297,87","-","0,25%"
"20.05.2024","5.308,13","5.305,35","5.325,32","5.302,40","-","0,09%"
"17.05.2024","5.303,27","5.303,10","5.305,45","5.283,59","-","0,12%"
"16.05.2024","5.297,10","5.310,07","5.325,49","5.296,19","-","-0,21%"
"15.05.2024","5.308,15","5.263,26","5.311,76","5.263,26","-","1,17%"
"14.05.2024","5.246,68","5.221,10","5.250,37","5.217,98","-","0,48%"
"13.05.2024","5.221,42","5.233,08","5.237,26","5.211,16","-","-0,02%"
"10.05.2024","5.222,68","5.225,49","5.239,66","5.209,68","-","0,16%"
"09.05.2024","5.214,08","5.189,03","5.215,30","5.180,41","-","0,51%"
"08.05.2024","5.187,67","5.168,98","5.191,95","5.165,86","-","-0,00%"
"07.05.2024","5.187,70","5.187,20","5.200,23","5.178,96","-","0,13%"
"06.05.2024","5.180,74","5.142,42","5.181,00","5.142,42","-","1,03%"
"03.05.2024","5.127,79","5.122,78","5.139,12","5.101,22","-","1,26%"
"02.05.2024","5.064,20","5.049,32","5.073,21","5.011,05","-","0,91%"
"01.05.2024","5.018,39","5.029,03","5.096,12","5.013,45","-","-0,34%"
"30.04.2024","5.035,69","5.103,78","5.110,83","5.035,31","-","-1,57%"
"29.04.2024","5.116,17","5.114,13","5.123,49","5.088,65","-","0,32%"
"26.04.2024","5.099,96","5.084,65","5.114,62","5.073,14","-","1,02%"
"25.04.2024","5.048,42","5.019,88","5.057,75","4.990,58","-","-0,46%"
"24.04.2024","5.071,63","5.084,86","5.089,48","5.047,02","-","0,02%"
"23.04.2024","5.070,55","5.028,85","5.076,12","5.027,96","-","1,20%"
"22.04.2024","5.010,60","4.987,33","5.038,84","4.969,40","-","0,87%"
"19.04.2024","4.967,23","5.005,44","5.019,02","4.953,56","-","-0,88%"
"18.04.2024","5.011,12","5.031,52","5.056,66","5.001,89","-","-0,22%"
"17.04.2024","5.022,21","5.068,97","5.077,96","5.007,25","-","-0,58%"
"16.04.2024","5.051,41","5.064,59","5.079,84","5.039,83","-","-0,21%"
"15.04.2024","5.061,82","5.149,67","5.168,43","5.052,47","-","-1,20%"
"12.04.2024","5.123,41","5.171,51","5.175,03","5.107,94","-","-1,46%"
"11.04.2024","5.199,06","5.172,95","5.211,78","5.138,77","-","0,74%"
"10.04.2024","5.160,64","5.167,88","5.178,43","5.138,70","-","-0,95%"
"09.04.2024","5.209,91","5.217,03","5.224,81","5.160,78","-","0,14%"
"08.04.2024","5.202,39","5.211,37","5.219,57","5.197,35","-","-0,04%"
"05.04.2024","5.204,34","5.158,95","5.222,18","5.157,21","-","1,11%"
"04.04.2024","5.147,21","5.244,05","5.256,59","5.146,06","-","-1,23%"
"03.04.2024","5.211,49","5.194,37","5.228,75","5.194,37","-","0,11%"
"02.04.2024","5.205,81","5.204,29","5.208,34","5.184,05","-","-0,72%"
"01.04.2024","5.243,77","5.257,97","5.263,95","5.229,20","-","-0,20%"
"28.03.2024","5.254,35","5.248,03","5.264,85","5.245,82","-","0,11%"
"27.03.2024","5.248,49","5.226,31","5.249,26","5.213,92","-","0,86%"
"26.03.2024","5.203,58","5.228,85","5.235,16","5.203,42","-","-0,28%"
"25.03.2024","5.218,19","5.219,52","5.229,09","5.216,09","-","-0,31%"
"22.03.2024","5.234,18","5.242,48","5.246,09","5.229,87","-","-0,14%"
"21.03.2024","5.241,53","5.253,43","5.261,10","5.240,66","-","0,32%"
"20.03.2024","5.224,62","5.181,69","5.226,19","5.171,55","-","0,89%"
"19.03.2024","5.178,51","5.139,09","5.180,31","5.131,59","-","0,56%"
"18.03.2024","5.149,42","5.154,77","5.175,60","5.145,47","-","0,63%"
"15.03.2024","5.117,09","5.123,31","5.136,86","5.104,35","-","-0,65%"
"14.03.2024","5.150,48","5.175,14","5.176,85","5.123,30","-","-0,29%"
"13.03.2024","5.165,31","5.173,49","5.179,14","5.151,88","-","-0,19%"
"12.03.2024","5.175,27","5.134,30","5.179,87","5.114,48","-","1,12%"
"11.03.2024","5.117,94","5.111,96","5.124,66","5.091,14","-","-0,11%"
"08.03.2024","5.123,69","5.164,46","5.189,26","5.117,50","-","-0,65%"
"07.03.2024","5.157,36","5.132,38","5.165,62","5.128,21","-","1,03%"
"06.03.2024","5.104,76","5.108,03","5.127,97","5.092,22","-","0,51%"
"05.03.2024","5.078,65","5.110,52","5.114,54","5.056,82","-","-1,02%"
"04.03.2024","5.130,95","5.130,99","5.149,67","5.127,18","-","-0,12%"
"01.03.2024","5.137,08","5.098,51","5.140,33","5.094,16","-","0,80%"
"29.02.2024","5.096,27","5.085,36","5.104,99","5.061,89","-","0,52%"
"28.02.2024","5.069,76","5.067,20","5.077,37","5.058,35","-","-0,17%"
"27.02.2024","5.078,18","5.074,60","5.080,69","5.057,29","-","0,17%"
"26.02.2024","5.069,53","5.093,00","5.097,66","5.068,91","-","-0,38%"
"23.02.2024","5.088,80","5.100,92","5.111,06","5.081,46","-","0,03%"
"22.02.2024","5.087,03","5.038,83","5.094,39","5.038,83","-","2,11%"
"21.02.2024","4.981,80","4.963,03","4.983,21","4.946,00","-","0,13%"
"20.02.2024","4.975,51","4.989,32","4.993,71","4.955,02","-","-0,60%"
"16.02.2024","5.005,57","5.031,13","5.038,70","4.999,52","-","-0,48%"
"15.02.2024","5.029,73","5.003,14","5.032,72","4.999,44","-","0,58%"
"14.02.2024","5.000,62","4.976,44","5.002,52","4.956,45","-","0,96%"
"13.02.2024","4.953,17","4.967,94","4.971,30","4.920,31","-","-1,37%"
"12.02.2024","5.021,84","5.026,83","5.048,39","5.016,83","-","-0,09%"
"09.02.2024","5.026,61","5.004,17","5.030,06","5.000,34","-","0,57%"
"08.02.2024","4.997,91","4.995,16","5.000,40","4.987,09","-","0,06%"
"07.02.2024","4.995,06","4.973,05","4.999,89","4.969,05","-","0,82%"
"06.02.2024","4.954,23","4.950,16","4.957,77","4.934,88","-","0,23%"
"05.02.2024","4.942,81","4.957,19","4.957,19","4.918,09","-","-0,32%"
"02.02.2024","4.958,61","4.916,06","4.975,29","4.907,99","-","1,07%"
"01.02.2024","4.906,19","4.861,11","4.906,97","4.853,52","-","1,25%"
"31.01.2024","4.845,65","4.899,19","4.906,75","4.845,15","-","-1,61%"
"30.01.2024","4.924,97","4.925,89","4.931,09","4.916,27","-","-0,06%"
"29.01.2024","4.927,93","4.892,95","4.929,31","4.887,40","-","0,76%"
"26.01.2024","4.890,97","4.888,91","4.906,69","4.881,47","-","-0,07%"
"25.01.2024","4.894,16","4.886,66","4.898,15","4.869,34","-","0,53%"
"24.01.2024","4.868,55","4.888,56","4.903,68","4.865,94","-","0,08%"
"23.01.2024","4.864,60","4.856,80","4.866,48","4.844,37","-","0,29%"
"22.01.2024","4.850,43","4.853,42","4.868,41","4.844,05","-","0,22%"
"19.01.2024","4.839,81","4.796,28","4.842,07","4.785,87","-","1,23%"
"18.01.2024","4.780,94","4.760,10","4.785,79","4.740,57","-","0,88%"
"17.01.2024","4.739,21","4.739,13","4.744,23","4.714,82","-","-0,56%"
"16.01.2024","4.765,98","4.772,35","4.782,34","4.747,12","-","-0,37%"
"12.01.2024","4.783,83","4.791,18","4.802,40","4.768,98","-","0,08%"
"11.01.2024","4.780,24","4.792,13","4.798,50","4.739,58","-","-0,07%"
"10.01.2024","4.783,45","4.759,94","4.790,80","4.756,20","-","0,57%"
"09.01.2024","4.756,50","4.741,93","4.765,47","4.730,35","-","-0,15%"
"08.01.2024","4.763,54","4.703,70","4.764,54","4.699,82","-","1,41%"
"05.01.2024","4.697,24","4.690,57","4.721,49","4.682,11","-","0,18%"
"04.01.2024","4.688,68","4.697,42","4.726,78","4.687,53","-","-0,34%"
"03.01.2024","4.704,81","4.725,07","4.729,29","4.699,71","-","-0,80%"
"02.01.2024","4.742,83","4.745,20","4.754,33","4.722,67","-","-0,57%"