"Data","Último","Abertura","Máxima","Mínima","Vol.","Var%"
"23.02.2026","5,1690","5,1763","5,1859","5,1425","","-0,15%"
"22.02.2026","5,1768","5,1763","5,1768","5,1768","","0,00%"
"20.02.2026","5,1768","5,2132","5,2239","5,1719","","-0,65%"
"19.02.2026","5,2109","5,2361","5,2531","5,2097","","-0,48%"
"18.02.2026","5,2359","5,2231","5,2501","5,1929","","0,25%"
"17.02.2026","5,2231","5,2253","5,2253","5,2229","","-0,02%"
"16.02.2026","5,2244","5,2244","5,2246","5,2242","","0,09%"
"13.02.2026","5,2196","5,2125","5,2497","5,2029","","0,15%"
"12.02.2026","5,2120","5,1836","5,2158","5,1539","","0,55%"
"11.02.2026","5,1836","5,1972","5,2039","5,1691","","-0,17%"
"10.02.2026","5,1925","5,1935","5,2128","5,1838","","-0,02%"
"09.02.2026","5,1935","5,2171","5,2197","5,1743","","-0,45%"
"06.02.2026","5,2171","5,2716","5,2727","5,2049","","-1,06%"
"05.02.2026","5,2728","5,2395","5,2886","5,2346","","0,64%"
"04.02.2026","5,2395","5,2392","5,2649","5,2164","","0,01%"
"03.02.2026","5,2392","5,2608","5,2630","5,2064","","-0,41%"
"02.02.2026","5,2608","5,2618","5,2814","5,2367","","0,06%"
"30.01.2026","5,2576","5,1903","5,2796","5,1897","","1,30%"
"29.01.2026","5,1903","5,1974","5,2491","5,1655","","-0,08%"
"28.01.2026","5,1944","5,1852","5,2254","5,1712","","0,26%"
"27.01.2026","5,1811","5,2815","5,2815","5,1766","","-1,90%"
"26.01.2026","5,2815","5,2899","5,2913","5,2606","","-0,16%"
"23.01.2026","5,2899","5,2849","5,3051","5,2734","","0,09%"
"22.01.2026","5,2849","5,3198","5,3265","5,2797","","-0,66%"
"21.01.2026","5,3201","5,3759","5,3759","5,3144","","-1,06%"
"20.01.2026","5,3769","5,3702","5,4086","5,3592","","0,12%"
"19.01.2026","5,3702","5,3689","5,3823","5,3452","","0,01%"
"16.01.2026","5,3698","5,3741","5,3955","5,3649","","0,03%"
"15.01.2026","5,3683","5,3971","5,4058","5,3526","","-0,53%"
"14.01.2026","5,3971","5,3745","5,4234","5,3591","","0,45%"
"13.01.2026","5,3728","5,3729","5,3946","5,3645","","-0,05%"
"12.01.2026","5,3757","5,3694","5,3871","5,3485","","0,08%"
"09.01.2026","5,3713","5,3861","5,3975","5,3524","","-0,31%"
"08.01.2026","5,3881","5,3852","5,3967","5,3748","","0,05%"
"07.01.2026","5,3852","5,3722","5,4026","5,3675","","0,24%"
"06.01.2026","5,3722","5,4078","5,4180","5,3628","","-0,70%"
"05.01.2026","5,4099","5,4227","5,4535","5,3952","","-0,24%"
"02.01.2026","5,4227","5,4748","5,4753","5,4161","","-1,01%"
"01.01.2026","5,4778","5,4778","5,4778","5,4778","","0,00%"
"31.12.2025","5,4778","5,4778","5,4778","5,4778","","0,00%"
"30.12.2025","5,4778","5,5664","5,5688","5,4740","","-1,67%"
"29.12.2025","5,5707","5,5445","5,5859","5,5410","","0,48%"
"26.12.2025","5,5439","5,5460","5,5672","5,5200","","0,41%"
"25.12.2025","5,5210","5,5210","5,5210","5,5210","","0,00%"
"24.12.2025","5,5210","5,5190","5,5210","5,5190","","0,00%"
"23.12.2025","5,5208","5,5915","5,5970","5,5193","","-1,24%"
"22.12.2025","5,5901","5,5430","5,6068","5,5177","","0,85%"
"19.12.2025","5,5430","5,5220","5,5497","5,4981","","0,38%"
"18.12.2025","5,5220","5,5193","5,5593","5,5010","","0,03%"
"17.12.2025","5,5205","5,4683","5,5315","5,4683","","0,20%"
"16.12.2025","5,5093","5,4151","5,5093","5,4148","","1,75%"
"15.12.2025","5,4148","5,4187","5,4262","5,3810","","-0,08%"
"12.12.2025","5,4190","5,4058","5,4265","5,3795","","0,20%"
"11.12.2025","5,4084","5,4718","5,4784","5,3952","","-1,18%"
"10.12.2025","5,4730","5,4405","5,4948","5,4182","","0,73%"
"09.12.2025","5,4336","5,4323","5,4959","5,4210","","0,06%"
"08.12.2025","5,4303","5,4395","5,4680","5,3864","","-0,17%"
"05.12.2025","5,4395","5,3109","5,4842","5,2967","","2,44%"
"04.12.2025","5,3097","5,3079","5,3166","5,2877","","0,03%"
"03.12.2025","5,3079","5,3171","5,3245","5,2986","","-0,38%"
"02.12.2025","5,3279","5,3575","5,3641","5,3264","","-0,55%"
"01.12.2025","5,3575","5,3328","5,3657","5,3240","","0,39%"
"28.11.2025","5,3368","5,3566","5,3581","5,3227","","-0,37%"
"27.11.2025","5,3566","5,3322","5,3594","5,3291","","0,45%"
"26.11.2025","5,3324","5,3828","5,3909","5,3298","","-0,91%"
"25.11.2025","5,3815","5,3886","5,4136","5,3561","","-0,13%"
"24.11.2025","5,3886","5,4033","5,4079","5,3783","","-0,27%"
"21.11.2025","5,4033","5,3308","5,4334","5,3308","","1,31%"
"20.11.2025","5,3333","5,3308","5,3333","5,3303","","0,05%"
"19.11.2025","5,3308","5,3222","5,3474","5,3207","","0,16%"
"18.11.2025","5,3222","5,3280","5,3466","5,3152","","-0,14%"
"17.11.2025","5,3294","5,2965","5,3350","5,2923","","0,62%"
"14.11.2025","5,2965","5,2982","5,3176","5,2729","","-0,03%"
"13.11.2025","5,2982","5,2930","5,3061","5,2732","","0,10%"
"12.11.2025","5,2930","5,2722","5,3032","5,2652","","0,39%"
"11.11.2025","5,2722","5,2913","5,2992","5,2633","","-0,36%"
"10.11.2025","5,2912","5,3340","5,3340","5,2877","","-0,77%"
"07.11.2025","5,3324","5,3502","5,3668","5,3314","","-0,33%"
"06.11.2025","5,3502","5,3599","5,3643","5,3307","","-0,18%"
"05.11.2025","5,3599","5,3976","5,4050","5,3533","","-0,70%"
"04.11.2025","5,3976","5,3572","5,4021","5,3563","","0,75%"
"03.11.2025","5,3572","5,3756","5,3829","5,3447","","-0,32%"
"31.10.2025","5,3744","5,3815","5,4000","5,3706","","-0,13%"
"30.10.2025","5,3812","5,3587","5,3959","5,3547","","0,38%"
"29.10.2025","5,3610","5,3585","5,3677","5,3342","","0,05%"
"28.10.2025","5,3584","5,3747","5,3887","5,3529","","-0,28%"
"27.10.2025","5,3733","5,3904","5,3928","5,3584","","-0,30%"
"24.10.2025","5,3896","5,3825","5,3987","5,3606","","0,13%"
"23.10.2025","5,3828","5,4034","5,4040","5,3779","","-0,33%"
"22.10.2025","5,4004","5,3884","5,4138","5,3759","","0,23%"
"21.10.2025","5,3881","5,3746","5,4056","5,3698","","0,25%"
"20.10.2025","5,3748","5,4044","5,4120","5,3664","","-0,62%"
"17.10.2025","5,4085","5,4460","5,4605","5,4025","","-0,69%"
"16.10.2025","5,4460","5,4549","5,4593","5,4200","","-0,17%"
"15.10.2025","5,4552","5,4829","5,4847","5,4315","","-0,49%"
"14.10.2025","5,4822","5,4660","5,5198","5,4552","","0,31%"
"13.10.2025","5,4655","5,5209","5,5209","5,4412","","-1,02%"
"10.10.2025","5,5220","5,3693","5,5229","5,3599","","2,86%"
"09.10.2025","5,3685","5,3431","5,3801","5,3237","","0,48%"
"08.10.2025","5,3431","5,3510","5,3640","5,3293","","-0,15%"
"07.10.2025","5,3511","5,3135","5,3566","5,3108","","0,71%"
"06.10.2025","5,3132","5,3374","5,3503","5,3080","","-0,46%"
"03.10.2025","5,3375","5,3405","5,3620","5,3243","","-0,02%"
"02.10.2025","5,3386","5,3297","5,3732","5,3071","","0,17%"
"01.10.2025","5,3294","5,3233","5,3367","5,2935","","0,12%"
"30.09.2025","5,3229","5,3216","5,3345","5,3042","","0,02%"
"29.09.2025","5,3221","5,3448","5,3469","5,3044","","-0,39%"
"26.09.2025","5,3431","5,3637","5,3675","5,3354","","-0,39%"
"25.09.2025","5,3639","5,3327","5,3713","5,3088","","0,58%"
"24.09.2025","5,3330","5,2825","5,3340","5,2768","","0,95%"
"23.09.2025","5,2829","5,3355","5,3467","5,2767","","-0,98%"
"22.09.2025","5,3353","5,3241","5,3666","5,3202","","0,22%"
"19.09.2025","5,3238","5,3126","5,3398","5,3043","","0,19%"
"18.09.2025","5,3138","5,3058","5,3195","5,2695","","0,15%"
"17.09.2025","5,3059","5,2968","5,3137","5,2753","","0,16%"
"16.09.2025","5,2972","5,3173","5,3224","5,2913","","-0,37%"
"15.09.2025","5,3168","5,3520","5,3581","5,3087","","-0,71%"
"12.09.2025","5,3549","5,3896","5,4050","5,3439","","-0,66%"
"11.09.2025","5,3903","5,4080","5,4241","5,3736","","-0,34%"
"10.09.2025","5,4087","5,4392","5,4409","5,3987","","-0,57%"
"09.09.2025","5,4398","5,4196","5,4435","5,4135","","0,37%"
"08.09.2025","5,4196","5,4130","5,4487","5,4003","","0,11%"
"05.09.2025","5,4134","5,4473","5,4499","5,3820","","-0,60%"
"04.09.2025","5,4462","5,4519","5,4723","5,4415","","-0,10%"
"03.09.2025","5,4516","5,4649","5,4720","5,4340","","-0,25%"
"02.09.2025","5,4650","5,4399","5,5017","5,4383","","0,45%"
"01.09.2025","5,4403","5,4237","5,4499","5,4150","","0,18%"
"29.08.2025","5,4304","5,4134","5,4430","5,4113","","0,32%"
"28.08.2025","5,4129","5,4188","5,4317","5,3947","","-0,09%"
"27.08.2025","5,4178","5,4311","5,4584","5,4147","","-0,24%"
"26.08.2025","5,4311","5,4121","5,4501","5,3987","","0,35%"
"25.08.2025","5,4121","5,4234","5,4365","5,4014","","-0,20%"
"22.08.2025","5,4227","5,4750","5,4778","5,4078","","-0,88%"
"21.08.2025","5,4710","5,4831","5,4961","5,4662","","-0,22%"
"20.08.2025","5,4829","5,5036","5,5061","5,4620","","-0,38%"
"19.08.2025","5,5040","5,4372","5,5083","5,4309","","1,24%"
"18.08.2025","5,4368","5,4009","5,4407","5,3980","","0,66%"
"15.08.2025","5,4009","5,4160","5,4165","5,3845","","-0,28%"
"14.08.2025","5,4160","5,3990","5,4320","5,3895","","0,31%"
"13.08.2025","5,3991","5,3890","5,4114","5,3800","","0,18%"
"12.08.2025","5,3895","5,4428","5,4461","5,3848","","-0,97%"
"11.08.2025","5,4424","5,4338","5,4597","5,4318","","0,15%"
"08.08.2025","5,4340","5,4236","5,4430","5,4131","","0,19%"
"07.08.2025","5,4236","5,4643","5,4765","5,4158","","-0,72%"
"06.08.2025","5,4632","5,5081","5,5116","5,4580","","-0,80%"
"05.08.2025","5,5075","5,4984","5,5356","5,4969","","0,16%"
"04.08.2025","5,4988","5,5421","5,5439","5,4952","","-0,78%"
"01.08.2025","5,5420","5,6003","5,6286","5,5252","","-1,06%"
"31.07.2025","5,6015","5,5695","5,6248","5,5213","","0,57%"
"30.07.2025","5,5695","5,5744","5,6307","5,5438","","-0,09%"
"29.07.2025","5,5747","5,5893","5,6067","5,5588","","-0,25%"
"28.07.2025","5,5888","5,5642","5,6063","5,5642","","0,46%"
"25.07.2025","5,5633","5,5213","5,5740","5,5183","","0,76%"
"24.07.2025","5,5215","5,5214","5,5398","5,5115","","0,01%"
"23.07.2025","5,5212","5,5653","5,5781","5,5147","","-0,80%"
"22.07.2025","5,5657","5,5674","5,5908","5,5514","","-0,03%"
"21.07.2025","5,5671","5,5795","5,6115","5,5503","","-0,21%"
"18.07.2025","5,5790","5,5475","5,5984","5,5228","","0,61%"
"17.07.2025","5,5449","5,5689","5,6103","5,5370","","-0,43%"
"16.07.2025","5,5690","5,5571","5,5952","5,5409","","0,21%"
"15.07.2025","5,5571","5,5896","5,6049","5,5345","","-0,58%"
"14.07.2025","5,5893","5,5598","5,5937","5,5440","","0,55%"
"11.07.2025","5,5589","5,5319","5,5925","5,5294","","0,48%"
"10.07.2025","5,5321","5,5771","5,6285","5,5243","","-0,80%"
"09.07.2025","5,5766","5,4471","5,6057","5,4451","","2,37%"
"08.07.2025","5,4474","5,4884","5,4918","5,4353","","-0,74%"
"07.07.2025","5,4880","5,4211","5,4891","5,4210","","1,23%"
"04.07.2025","5,4212","5,4092","5,4266","5,4022","","0,23%"
"03.07.2025","5,4090","5,4244","5,4475","5,4026","","-0,28%"
"02.07.2025","5,4240","5,4585","5,4985","5,4151","","-0,64%"
"01.07.2025","5,4588","5,4321","5,4703","5,4183","","0,48%"
"30.06.2025","5,4326","5,4846","5,5073","5,4234","","-0,97%"
"27.06.2025","5,4856","5,4880","5,5045","5,4587","","-0,06%"
"26.06.2025","5,4890","5,5639","5,5646","5,4882","","-1,34%"
"25.06.2025","5,5637","5,5109","5,5740","5,5065","","0,95%"
"24.06.2025","5,5113","5,4957","5,5238","5,4752","","0,27%"
"23.06.2025","5,4965","5,5131","5,5437","5,4941","","-0,30%"
"20.06.2025","5,5132","5,4916","5,5277","5,4680","","0,39%"
"19.06.2025","5,4916","5,4915","5,4932","5,4870","","0,00%"
"18.06.2025","5,4917","5,4995","5,5116","5,4750","","-0,15%"
"17.06.2025","5,4997","5,4920","5,5076","5,4656","","0,14%"
"16.06.2025","5,4920","5,5437","5,5437","5,4852","","-0,94%"
"13.06.2025","5,5439","5,5375","5,5940","5,5305","","0,12%"
"12.06.2025","5,5375","5,5369","5,5596","5,5245","","0,02%"
"11.06.2025","5,5364","5,5744","5,5814","5,5218","","-0,68%"
"10.06.2025","5,5744","5,5587","5,5777","5,5384","","0,28%"
"09.06.2025","5,5588","5,5629","5,5992","5,5506","","-0,01%"
"06.06.2025","5,5594","5,5890","5,6183","5,5581","","-0,53%"
"05.06.2025","5,5893","5,6366","5,6381","5,5775","","-0,84%"
"04.06.2025","5,6368","5,6389","5,6531","5,6087","","-0,04%"
"03.06.2025","5,6393","5,6740","5,7107","5,6247","","-0,60%"
"02.06.2025","5,6734","5,7236","5,7236","5,6663","","-0,86%"
"30.05.2025","5,7227","5,6666","5,7410","5,6495","","0,99%"
"29.05.2025","5,6666","5,6897","5,7036","5,6421","","-0,39%"
"28.05.2025","5,6890","5,6417","5,7182","5,6374","","0,83%"
"27.05.2025","5,6424","5,6691","5,6747","5,6354","","-0,47%"
"26.05.2025","5,6693","5,6467","5,6787","5,6352","","0,40%"
"23.05.2025","5,6468","5,7163","5,7459","5,6432","","-1,21%"
"22.05.2025","5,7160","5,6455","5,7167","5,5946","","1,24%"
"21.05.2025","5,6458","5,6680","5,6785","5,6402","","-0,40%"
"20.05.2025","5,6682","5,6516","5,6835","5,6412","","0,29%"
"19.05.2025","5,6516","5,6638","5,6911","5,6315","","-0,21%"
"16.05.2025","5,6633","5,6821","5,7140","5,6610","","-0,33%"
"15.05.2025","5,6821","5,6378","5,6977","5,6136","","0,78%"
"14.05.2025","5,6384","5,6088","5,6390","5,5824","","0,53%"
"13.05.2025","5,6085","5,6749","5,6758","5,5950","","-1,18%"
"12.05.2025","5,6752","5,6500","5,7065","5,6498","","0,35%"
"09.05.2025","5,6556","5,6620","5,6806","5,6376","","-0,10%"
"08.05.2025","5,6615","5,7454","5,7489","5,6597","","-1,47%"
"07.05.2025","5,7459","5,7142","5,7644","5,6962","","0,57%"
"06.05.2025","5,7135","5,6879","5,7384","5,6865","","0,44%"
"05.05.2025","5,6886","5,6553","5,6905","5,6286","","0,54%"
"02.05.2025","5,6579","5,6709","5,6739","5,6259","","-0,27%"
"01.05.2025","5,6734","5,6734","5,6734","5,6734","","-0,02%"
"30.04.2025","5,6748","5,6200","5,6871","5,6031","","0,96%"
"29.04.2025","5,6210","5,6544","5,6633","5,6191","","-0,59%"
"28.04.2025","5,6546","5,6872","5,7005","5,6460","","-0,52%"
"25.04.2025","5,6841","5,6823","5,7077","5,6641","","0,01%"
"24.04.2025","5,6833","5,7068","5,7114","5,6622","","-0,46%"
"23.04.2025","5,7096","5,7251","5,7286","5,6558","","-0,28%"
"22.04.2025","5,7255","5,8070","5,8073","5,7180","","-1,40%"
"21.04.2025","5,8067","5,8073","5,8073","5,8070","","0,00%"
"18.04.2025","5,8067","5,8073","5,8119","5,8066","","0,01%"
"17.04.2025","5,8063","5,8667","5,8887","5,7964","","-1,02%"
"16.04.2025","5,8664","5,8868","5,9160","5,8520","","-0,33%"
"15.04.2025","5,8859","5,8530","5,9044","5,8330","","0,53%"
"14.04.2025","5,8551","5,8658","5,8753","5,8279","","-0,17%"
"11.04.2025","5,8648","5,8855","5,9200","5,8168","","-0,35%"
"10.04.2025","5,8856","5,8219","5,9556","5,8177","","1,10%"
"09.04.2025","5,8215","6,0116","6,0966","5,8218","","-3,15%"
"08.04.2025","6,0109","5,9143","6,0199","5,8597","","1,64%"
"07.04.2025","5,9139","5,8441","5,9325","5,8156","","1,22%"
"04.04.2025","5,8425","5,6286","5,8541","5,6271","","3,79%"
"03.04.2025","5,6290","5,6635","5,6657","5,5929","","-0,56%"
"02.04.2025","5,6607","5,6818","5,7148","5,6487","","-0,37%"
"01.04.2025","5,6815","5,7052","5,7334","5,6729","","-0,41%"
"31.03.2025","5,7047","5,7585","5,7861","5,7007","","-0,97%"
"28.03.2025","5,7604","5,7460","5,7825","5,7390","","0,26%"
"27.03.2025","5,7452","5,7362","5,7715","5,7220","","0,16%"
"26.03.2025","5,7359","5,6998","5,7483","5,6933","","0,65%"
"25.03.2025","5,6989","5,7652","5,7661","5,6773","","-1,14%"
"24.03.2025","5,7646","5,7291","5,7726","5,7021","","0,62%"
"21.03.2025","5,7291","5,6804","5,7347","5,6754","","0,87%"
"20.03.2025","5,6797","5,6499","5,6816","5,6452","","0,55%"
"19.03.2025","5,6485","5,6713","5,6914","5,6320","","-0,39%"
"18.03.2025","5,6705","5,6836","5,7145","5,6556","","-0,23%"
"17.03.2025","5,6835","5,7410","5,7421","5,6657","","-0,96%"
"14.03.2025","5,7385","5,8002","5,8096","5,7094","","-1,04%"
"13.03.2025","5,7990","5,7993","5,8365","5,7912","","0,02%"
"12.03.2025","5,7978","5,8109","5,8476","5,7853","","-0,22%"
"11.03.2025","5,8103","5,8573","5,8574","5,8031","","-0,77%"
"10.03.2025","5,8555","5,7912","5,8732","5,7722","","1,18%"
"07.03.2025","5,7874","5,7646","5,8005","5,7511","","0,41%"
"06.03.2025","5,7639","5,7400","5,7810","5,7323","","0,43%"
"05.03.2025","5,7394","5,8854","5,8854","5,7387","","-2,48%"
"04.03.2025","5,8852","5,8852","5,8852","5,8852","","0,00%"
"03.03.2025","5,8852","5,8852","5,8852","5,8852","","0,00%"
"28.02.2025","5,8852","5,8351","5,9184","5,8227","","0,77%"
"27.02.2025","5,8401","5,8170","5,8413","5,7957","","0,63%"
"26.02.2025","5,8035","5,7420","5,8188","5,7333","","1,11%"
"25.02.2025","5,7396","5,7708","5,8137","5,7386","","-0,67%"
"24.02.2025","5,7785","5,7302","5,7825","5,7068","","0,81%"
"21.02.2025","5,7320","5,7027","5,7368","5,6936","","0,51%"
"20.02.2025","5,7029","5,7218","5,7218","5,6861","","-0,32%"
"19.02.2025","5,7214","5,6930","5,7329","5,6825","","0,57%"
"18.02.2025","5,6892","5,7102","5,7253","5,6752","","-0,42%"
"17.02.2025","5,7130","5,7033","5,7237","5,6950","","0,15%"
"14.02.2025","5,7042","5,7673","5,7707","5,6928","","-1,09%"
"13.02.2025","5,7669","5,7642","5,7997","5,7548","","0,03%"
"12.02.2025","5,7649","5,7653","5,7878","5,7429","","0,02%"
"11.02.2025","5,7635","5,7877","5,8078","5,7571","","-0,41%"
"10.02.2025","5,7874","5,8095","5,8243","5,7638","","-0,32%"
"07.02.2025","5,8058","5,7622","5,8131","5,7349","","0,77%"
"06.02.2025","5,7617","5,8044","5,8246","5,7485","","-0,61%"
"05.02.2025","5,7973","5,7586","5,8179","5,7491","","0,75%"
"04.02.2025","5,7540","5,8008","5,8271","5,7527","","-0,91%"
"03.02.2025","5,8066","5,8404","5,9052","5,7951","","-0,59%"
"31.01.2025","5,8410","5,8735","5,8735","5,8106","","-0,56%"
"30.01.2025","5,8740","5,8706","5,9332","5,8473","","0,30%"
"29.01.2025","5,8563","5,8633","5,8892","5,8420","","-0,01%"
"28.01.2025","5,8571","5,8953","5,9205","5,8557","","-0,60%"
"27.01.2025","5,8926","5,9447","5,9560","5,8926","","-0,31%"
"24.01.2025","5,9109","5,9247","5,9250","5,8674","","-0,23%"
"23.01.2025","5,9243","5,9423","5,9706","5,8733","","-0,29%"
"22.01.2025","5,9415","6,0222","6,0273","5,9155","","-1,34%"
"21.01.2025","6,0220","6,0319","6,0680","6,0168","","-0,16%"
"20.01.2025","6,0315","6,0691","6,0862","6,0268","","-0,64%"
"17.01.2025","6,0704","6,0551","6,0905","6,0266","","0,34%"
"16.01.2025","6,0499","6,0104","6,0708","5,9935","","0,67%"
"15.01.2025","6,0098","6,0560","6,0701","6,0043","","-0,76%"
"14.01.2025","6,0559","6,0979","6,0979","6,0406","","-0,63%"
"13.01.2025","6,0944","6,1100","6,1358","6,0748","","-0,18%"
"10.01.2025","6,1053","6,0365","6,1235","6,0299","","1,14%"
"09.01.2025","6,0364","6,1058","6,1223","6,0319","","-1,13%"
"08.01.2025","6,1055","6,1013","6,1565","6,1013","","0,07%"
"07.01.2025","6,1010","6,1156","6,1189","6,0535","","-0,23%"
"06.01.2025","6,1152","6,1817","6,1820","6,0920","","-1,05%"
"03.01.2025","6,1798","6,1522","6,2011","6,1357","","0,45%"
"02.01.2025","6,1519","6,1847","6,2284","6,1446","","-0,52%"
"01.01.2025","6,1840","6,1847","6,1847","6,1847","","0,10%"
"31.12.2024","6,1778","6,1778","6,1778","6,1778","","0,00%"
"30.12.2024","6,1778","6,2030","6,2428","6,1518","","-0,30%"
"27.12.2024","6,1964","6,1834","6,2159","6,1693","","0,22%"
"26.12.2024","6,1828","6,1602","6,1982","6,1462","","-0,13%"
"25.12.2024","6,1906","6,1906","6,1906","6,1906","","0,00%"
"24.12.2024","6,1906","6,1919","6,1937","6,1913","","-0,05%"
"23.12.2024","6,1939","6,0799","6,2020","6,0799","","1,78%"
"20.12.2024","6,0853","6,1443","6,1493","6,0435","","-1,09%"
"19.12.2024","6,1525","6,2446","6,3007","6,1051","","-2,18%"
"18.12.2024","6,2896","6,0981","6,3144","6,0937","","3,03%"
"17.12.2024","6,1048","6,1463","6,2097","6,0580","","-0,70%"
"16.12.2024","6,1479","6,0464","6,1500","6,0246","","1,75%"
"13.12.2024","6,0419","5,9976","6,0778","5,9740","","0,84%"
"12.12.2024","5,9915","5,9549","6,0494","5,8664","","0,62%"
"11.12.2024","5,9543","6,0456","6,0733","5,9405","","-1,50%"
"10.12.2024","6,0450","6,0793","6,0835","6,0170","","-0,56%"
"09.12.2024","6,0788","6,0897","6,0904","6,0369","","-0,17%"
"06.12.2024","6,0894","6,0116","6,0952","5,9836","","1,30%"
"05.12.2024","6,0113","6,0381","6,0384","5,9598","","-0,49%"
"04.12.2024","6,0409","6,0413","6,0738","6,0198","","-0,05%"
"03.12.2024","6,0440","6,0584","6,0957","6,0285","","-0,23%"
"02.12.2024","6,0580","6,0002","6,0914","6,0002","","1,42%"
"29.11.2024","5,9730","6,0037","6,1159","5,9557","","-0,69%"
"28.11.2024","6,0142","5,9710","6,0230","5,9458","","1,29%"
"27.11.2024","5,9377","5,8122","5,9401","5,8033","","2,21%"
"26.11.2024","5,8095","5,8113","5,8335","5,7804","","0,19%"
"25.11.2024","5,7983","5,7867","5,8212","5,7755","","-0,05%"
"22.11.2024","5,8010","5,8142","5,8326","5,7879","","-0,23%"
"21.11.2024","5,8144","5,7759","5,8337","5,7755","","0,73%"
"20.11.2024","5,7725","5,7731","5,7759","5,7727","","0,05%"
"19.11.2024","5,7694","5,7469","5,7978","5,7450","","0,38%"
"18.11.2024","5,7473","5,7951","5,8003","5,7351","","-0,82%"
"15.11.2024","5,7947","5,7956","5,7964","5,7950","","0,10%"
"14.11.2024","5,7890","5,8032","5,8296","5,7602","","-0,29%"
"13.11.2024","5,8061","5,7482","5,8183","5,7218","","0,99%"
"12.11.2024","5,7490","5,7546","5,7990","5,7463","","-0,12%"
"11.11.2024","5,7559","5,7756","5,8167","5,7505","","0,32%"
"08.11.2024","5,7376","5,6926","5,7910","5,6912","","0,80%"
"07.11.2024","5,6923","5,6774","5,7239","5,6336","","0,23%"
"06.11.2024","5,6793","5,7512","5,8625","5,6644","","-1,24%"
"05.11.2024","5,7508","5,7699","5,8054","5,7393","","-0,70%"
"04.11.2024","5,7916","5,8681","5,8697","5,7558","","-1,30%"
"01.11.2024","5,8681","5,7885","5,8754","5,7620","","1,41%"
"31.10.2024","5,7867","5,7624","5,7949","5,7534","","0,41%"
"30.10.2024","5,7630","5,7610","5,7928","5,7545","","0,05%"
"29.10.2024","5,7604","5,7103","5,7673","5,6974","","0,89%"
"28.10.2024","5,7096","5,7076","5,7206","5,6855","","0,04%"
"25.10.2024","5,7073","5,6662","5,7137","5,6617","","0,76%"
"24.10.2024","5,6643","5,6909","5,7205","5,6606","","-0,42%"
"23.10.2024","5,6884","5,6904","5,7326","5,6848","","-0,02%"
"22.10.2024","5,6894","5,6943","5,7182","5,6743","","-0,08%"
"21.10.2024","5,6939","5,6898","5,7354","5,6867","","0,05%"
"18.10.2024","5,6912","5,6554","5,7031","5,6289","","0,65%"
"17.10.2024","5,6546","5,6652","5,6896","5,6519","","-0,19%"
"16.10.2024","5,6652","5,6507","5,7007","5,6297","","0,27%"
"15.10.2024","5,6502","5,5952","5,6656","5,5797","","1,03%"
"14.10.2024","5,5928","5,6121","5,6522","5,5643","","-0,35%"
"11.10.2024","5,6126","5,5831","5,6537","5,5572","","0,55%"
"10.10.2024","5,5821","5,5943","5,6050","5,5665","","-0,21%"
"09.10.2024","5,5941","5,5350","5,5995","5,5306","","1,07%"
"08.10.2024","5,5349","5,4918","5,5395","5,4897","","0,82%"
"07.10.2024","5,4900","5,4557","5,4927","5,4200","","0,63%"
"04.10.2024","5,4555","5,4778","5,5199","5,4513","","-0,37%"
"03.10.2024","5,4759","5,4417","5,5116","5,4385","","0,65%"
"02.10.2024","5,4407","5,4377","5,4608","5,4037","","0,07%"
"01.10.2024","5,4368","5,4500","5,4788","5,4296","","-0,21%"
"30.09.2024","5,4482","5,4347","5,4740","5,4025","","0,28%"
"27.09.2024","5,4329","5,4399","5,4583","5,4266","","-0,08%"
"26.09.2024","5,4375","5,4749","5,4781","5,4045","","-0,73%"
"25.09.2024","5,4774","5,4556","5,4974","5,4397","","0,42%"
"24.09.2024","5,4547","5,5374","5,5422","5,4460","","-1,48%"
"23.09.2024","5,5364","5,5104","5,6005","5,5104","","0,47%"
"20.09.2024","5,5103","5,4265","5,5247","5,4153","","1,55%"
"19.09.2024","5,4263","5,4616","5,4665","5,3938","","-0,64%"
"18.09.2024","5,4612","5,4833","5,4965","5,4093","","-0,39%"
"17.09.2024","5,4825","5,5108","5,5161","5,4781","","-0,50%"
"16.09.2024","5,5100","5,5677","5,5818","5,4973","","-0,97%"
"13.09.2024","5,5640","5,6284","5,6308","5,5437","","-1,13%"
"12.09.2024","5,6276","5,6633","5,6769","5,6143","","-0,60%"
"11.09.2024","5,6618","5,6608","5,6744","5,6062","","0,06%"
"10.09.2024","5,6582","5,5837","5,6723","5,5682","","1,33%"
"09.09.2024","5,5842","5,5992","5,6410","5,5747","","-0,26%"
"06.09.2024","5,5990","5,5749","5,6022","5,5286","","0,45%"
"05.09.2024","5,5741","5,6404","5,6494","5,5694","","-1,17%"
"04.09.2024","5,6399","5,6459","5,6620","5,6154","","-0,10%"
"03.09.2024","5,6454","5,6166","5,6534","5,5757","","0,49%"
"02.09.2024","5,6177","5,6463","5,6605","5,6036","","0,13%"
"30.08.2024","5,6103","5,6279","5,6933","5,5742","","-0,29%"
"29.08.2024","5,6266","5,5656","5,6631","5,5528","","1,12%"
"28.08.2024","5,5644","5,5106","5,5706","5,5054","","1,02%"
"27.08.2024","5,5082","5,4964","5,5196","5,4756","","0,24%"
"26.08.2024","5,4950","5,4868","5,5139","5,4719","","0,16%"
"23.08.2024","5,4863","5,5856","5,6061","5,4738","","-1,74%"
"22.08.2024","5,5834","5,4863","5,5964","5,4715","","1,78%"
"21.08.2024","5,4858","5,4774","5,5109","5,4580","","0,14%"
"20.08.2024","5,4780","5,4124","5,4930","5,4052","","1,22%"
"19.08.2024","5,4121","5,4721","5,4738","5,3762","","-1,15%"
"16.08.2024","5,4753","5,4830","5,4878","5,4365","","-0,13%"
"15.08.2024","5,4827","5,4744","5,4949","5,4493","","0,18%"
"14.08.2024","5,4730","5,4553","5,4876","5,4286","","0,35%"
"13.08.2024","5,4538","5,5003","5,5033","5,4471","","-0,79%"
"12.08.2024","5,4974","5,5078","5,5236","5,4720","","-0,16%"
"09.08.2024","5,5064","5,5493","5,5545","5,4912","","-0,77%"
"08.08.2024","5,5493","5,6351","5,6554","5,5440","","-1,51%"
"07.08.2024","5,6341","5,6625","5,6631","5,5971","","-0,50%"
"06.08.2024","5,6623","5,7240","5,7262","5,6309","","-1,07%"
"05.08.2024","5,7238","5,7310","5,8657","5,7127","","-0,06%"
"02.08.2024","5,7273","5,7488","5,7944","5,6985","","-0,37%"
"01.08.2024","5,7483","5,6511","5,7536","5,6326","","1,74%"
"31.07.2024","5,6500","5,6125","5,6846","5,6080","","0,68%"
"30.07.2024","5,6121","5,6165","5,6636","5,6107","","-0,07%"
"29.07.2024","5,6159","5,6665","5,6693","5,6128","","-0,70%"
"26.07.2024","5,6557","5,6448","5,6725","5,6178","","0,20%"
"25.07.2024","5,6442","5,6543","5,6901","5,6182","","-0,17%"
"24.07.2024","5,6536","5,5870","5,6627","5,5855","","1,24%"
"23.07.2024","5,5846","5,5789","5,6073","5,5582","","0,12%"
"22.07.2024","5,5779","5,5916","5,6104","5,5353","","-0,31%"
"19.07.2024","5,5952","5,5476","5,6093","5,5210","","0,89%"
"18.07.2024","5,5460","5,4813","5,5901","5,4798","","1,17%"
"17.07.2024","5,4821","5,4286","5,4882","5,4248","","0,99%"
"16.07.2024","5,4286","5,4463","5,4632","5,4053","","-0,30%"
"15.07.2024","5,4448","5,4292","5,4773","5,4292","","0,30%"
"12.07.2024","5,4285","5,4399","5,4661","5,4145","","-0,18%"
"11.07.2024","5,4381","5,4148","5,4539","5,3700","","0,44%"
"10.07.2024","5,4144","5,4223","5,4268","5,3713","","-0,14%"
"09.07.2024","5,4222","5,4700","5,4781","5,4102","","-0,87%"
"08.07.2024","5,4699","5,4600","5,4952","5,4562","","0,20%"
"05.07.2024","5,4592","5,4909","5,5347","5,4560","","-0,54%"
"04.07.2024","5,4887","5,5575","5,5595","5,4655","","-1,22%"
"03.07.2024","5,5563","5,6784","5,6800","5,5402","","-2,14%"
"02.07.2024","5,6777","5,6613","5,7017","5,6279","","0,31%"
"01.07.2024","5,6603","5,5921","5,6645","5,5664","","1,21%"
"28.06.2024","5,5925","5,5024","5,5995","5,4840","","1,65%"
"27.06.2024","5,5019","5,5195","5,5392","5,4830","","-0,32%"
"26.06.2024","5,5194","5,4511","5,5270","5,4504","","1,26%"
"25.06.2024","5,4509","5,3940","5,4566","5,3894","","1,08%"
"24.06.2024","5,3928","5,4302","5,4374","5,3759","","-0,69%"
"21.06.2024","5,4302","5,4488","5,4623","5,4228","","-0,33%"
"20.06.2024","5,4483","5,4367","5,4697","5,3870","","0,22%"
"19.06.2024","5,4362","5,4361","5,4832","5,4269","","0,01%"
"18.06.2024","5,4359","5,4194","5,4446","5,3924","","0,30%"
"17.06.2024","5,4195","5,3763","5,4314","5,3717","","0,81%"
"14.06.2024","5,3757","5,3640","5,3875","5,3432","","0,23%"
"13.06.2024","5,3636","5,4141","5,4164","5,3619","","-0,90%"
"12.06.2024","5,4123","5,3681","5,4300","5,3362","","0,86%"
"11.06.2024","5,3662","5,3548","5,3738","5,3351","","0,21%"
"10.06.2024","5,3547","5,3349","5,3894","5,3150","","0,19%"
"07.06.2024","5,3448","5,2559","5,3489","5,2408","","1,69%"
"06.06.2024","5,2560","5,2970","5,3092","5,2401","","-0,76%"
"05.06.2024","5,2964","5,2868","5,3061","5,2597","","0,19%"
"04.06.2024","5,2861","5,2477","5,2969","5,2452","","0,75%"
"03.06.2024","5,2467","5,2459","5,2677","5,2137","","0,05%"
"31.05.2024","5,2443","5,1997","5,2587","5,1930","","0,79%"
"30.05.2024","5,2034","5,2038","5,2038","5,2036","","0,03%"
"29.05.2024","5,2018","5,1615","5,2141","5,1573","","0,79%"
"28.05.2024","5,1611","5,1715","5,1738","5,1349","","-0,19%"
"27.05.2024","5,1708","5,1713","5,1852","5,1557","","0,09%"
"24.05.2024","5,1660","5,1446","5,1767","5,1302","","0,42%"
"23.05.2024","5,1442","5,1511","5,1607","5,1255","","-0,12%"
"22.05.2024","5,1503","5,1228","5,1643","5,1219","","0,54%"
"21.05.2024","5,1225","5,1040","5,1254","5,0838","","0,38%"
"20.05.2024","5,1033","5,1035","5,1293","5,0903","","0,00%"
"17.05.2024","5,1031","5,1288","5,1385","5,1003","","-0,50%"
"16.05.2024","5,1288","5,1373","5,1400","5,1047","","-0,17%"
"15.05.2024","5,1373","5,1302","5,1711","5,1204","","0,14%"
"14.05.2024","5,1299","5,1511","5,1614","5,1234","","-0,41%"
"13.05.2024","5,1511","5,1588","5,1649","5,1230","","-0,14%"
"10.05.2024","5,1584","5,1424","5,1614","5,1165","","0,33%"
"09.05.2024","5,1412","5,0914","5,1775","5,0875","","0,99%"
"08.05.2024","5,0909","5,0712","5,1083","5,0688","","0,40%"
"07.05.2024","5,0707","5,0770","5,0847","5,0484","","-0,10%"
"06.05.2024","5,0758","5,0725","5,0917","5,0602","","0,07%"
"03.05.2024","5,0722","5,1110","5,1164","5,0437","","-0,76%"
"02.05.2024","5,1113","5,1940","5,1940","5,0995","","-1,58%"
"01.05.2024","5,1936","5,1940","5,1999","5,1929","","0,00%"
"30.04.2024","5,1934","5,1190","5,1975","5,1133","","1,46%"
"29.04.2024","5,1189","5,1170","5,1227","5,1020","","0,07%"
"26.04.2024","5,1151","5,1615","5,1673","5,1085","","-0,87%"
"25.04.2024","5,1602","5,1472","5,1935","5,1099","","0,28%"
"24.04.2024","5,1457","5,1263","5,1720","5,1238","","0,38%"
"23.04.2024","5,1260","5,1674","5,1894","5,1182","","-0,81%"
"22.04.2024","5,1680","5,2021","5,2189","5,1633","","-0,67%"
"19.04.2024","5,2027","5,2485","5,2778","5,1849","","-0,87%"
"18.04.2024","5,2482","5,2421","5,2789","5,2284","","0,12%"
"17.04.2024","5,2420","5,2829","5,2916","5,2194","","-0,77%"
"16.04.2024","5,2826","5,1851","5,2873","5,1817","","1,89%"
"15.04.2024","5,1846","5,1149","5,2153","5,1031","","1,31%"
"12.04.2024","5,1175","5,0922","5,1487","5,0890","","0,51%"
"11.04.2024","5,0917","5,0735","5,0931","5,0580","","0,34%"
"10.04.2024","5,0746","5,0092","5,0863","4,9970","","1,31%"
"09.04.2024","5,0090","5,0281","5,0310","4,9995","","-0,35%"
"08.04.2024","5,0268","5,0665","5,0759","5,0247","","-0,76%"
"05.04.2024","5,0655","5,0549","5,0746","5,0280","","0,23%"
"04.04.2024","5,0538","5,0392","5,0574","5,0043","","0,29%"
"03.04.2024","5,0393","5,0584","5,0921","5,0349","","-0,36%"
"02.04.2024","5,0576","5,0551","5,0631","5,0216","","0,07%"
"01.04.2024","5,0543","5,0147","5,0708","5,0093","","0,78%"
"29.03.2024","5,0153","5,0155","5,0163","5,0139","","0,05%"
"28.03.2024","5,0129","4,9871","5,0184","4,9788","","0,53%"
"27.03.2024","4,9866","4,9816","4,9942","4,9716","","0,12%"
"26.03.2024","4,9808","4,9752","4,9942","4,9651","","0,11%"
"25.03.2024","4,9751","5,0023","5,0065","4,9718","","-0,49%"
"22.03.2024","4,9997","4,9781","5,0099","4,9739","","0,43%"
"21.03.2024","4,9781","4,9688","4,9865","4,9504","","0,18%"
"20.03.2024","4,9691","5,0313","5,0354","4,9649","","-1,21%"
"19.03.2024","5,0301","5,0261","5,0557","5,0100","","0,10%"
"18.03.2024","5,0253","4,9960","5,0324","4,9834","","0,61%"
"15.03.2024","4,9949","4,9897","5,0022","4,9812","","0,11%"
"14.03.2024","4,9895","4,9705","4,9945","4,9530","","0,39%"
"13.03.2024","4,9700","4,9720","4,9887","4,9621","","-0,04%"
"12.03.2024","4,9718","4,9780","4,9957","4,9581","","-0,11%"
"11.03.2024","4,9771","4,9835","5,0004","4,9598","","-0,07%"
"08.03.2024","4,9806","4,9345","4,9923","4,9341","","0,92%"
"07.03.2024","4,9350","4,9451","4,9473","4,9311","","-0,19%"
"06.03.2024","4,9446","4,9586","4,9611","4,9328","","-0,27%"
"05.03.2024","4,9581","4,9471","4,9622","4,9398","","0,25%"
"04.03.2024","4,9458","4,9545","4,9588","4,9404","","-0,17%"
"01.03.2024","4,9541","4,9708","4,9750","4,9458","","-0,35%"
"29.02.2024","4,9716","4,9689","4,9993","4,9619","","0,08%"
"28.02.2024","4,9675","4,9338","4,9764","4,9316","","0,69%"
"27.02.2024","4,9335","4,9802","4,9839","4,9281","","-0,93%"
"26.02.2024","4,9799","4,9943","4,9963","4,9703","","-0,30%"
"23.02.2024","4,9951","4,9610","4,9978","4,9595","","0,70%"
"22.02.2024","4,9605","4,9382","4,9659","4,9186","","0,50%"
"21.02.2024","4,9358","4,9278","4,9468","4,9194","","0,17%"
"20.02.2024","4,9275","4,9570","4,9654","4,9246","","-0,58%"
"19.02.2024","4,9564","4,9686","4,9713","4,9514","","-0,20%"
"16.02.2024","4,9665","4,9737","4,9894","4,9594","","-0,13%"
"15.02.2024","4,9732","4,9740","4,9833","4,9564","","0,08%"
"14.02.2024","4,9690","4,9537","4,9797","4,9535","","0,31%"
"13.02.2024","4,9536","4,9537","4,9570","4,9520","","0,00%"
"12.02.2024","4,9536","4,9537","4,9570","4,9535","","0,04%"
"09.02.2024","4,9517","4,9903","4,9918","4,9497","","-0,81%"
"08.02.2024","4,9920","4,9717","5,0017","4,9676","","0,47%"
"07.02.2024","4,9685","4,9600","4,9749","4,9525","","0,10%"
"06.02.2024","4,9634","4,9879","4,9891","4,9508","","-0,44%"
"05.02.2024","4,9854","4,9663","5,0184","4,9661","","0,31%"
"02.02.2024","4,9699","4,9167","4,9764","4,9072","","1,09%"
"01.02.2024","4,9163","4,9496","4,9697","4,9100","","-0,73%"
"31.01.2024","4,9526","4,9501","4,9668","4,9250","","0,02%"
"30.01.2024","4,9516","4,9433","4,9819","4,9332","","0,00%"
"29.01.2024","4,9518","4,9175","4,9585","4,9056","","0,71%"
"26.01.2024","4,9168","4,9063","4,9210","4,9018","","0,01%"
"25.01.2024","4,9165","4,9306","4,9418","4,9066","","-0,34%"
"24.01.2024","4,9335","4,9525","4,9538","4,9075","","-0,40%"
"23.01.2024","4,9535","4,9885","5,0023","4,9479","","-0,72%"
"22.01.2024","4,9892","4,9338","4,9932","4,9230","","1,18%"
"19.01.2024","4,9310","4,9299","4,9396","4,9020","","0,08%"
"18.01.2024","4,9269","4,9349","4,9561","4,9127","","-0,16%"
"17.01.2024","4,9349","4,9299","4,9547","4,9224","","0,18%"
"16.01.2024","4,9258","4,8615","4,9338","4,8614","","1,30%"
"15.01.2024","4,8628","4,8566","4,8868","4,8427","","0,18%"
"12.01.2024","4,8539","4,8712","4,8787","4,8309","","-0,33%"
"11.01.2024","4,8700","4,8930","4,8951","4,8580","","-0,43%"
"10.01.2024","4,8909","4,9072","4,9072","4,8776","","-0,26%"
"09.01.2024","4,9038","4,8737","4,9098","4,8703","","0,69%"
"08.01.2024","4,8700","4,8781","4,9014","4,8630","","-0,09%"
"05.01.2024","4,8743","4,9089","4,9407","4,8597","","-0,46%"
"04.01.2024","4,8968","4,9181","4,9366","4,8953","","-0,47%"
"03.01.2024","4,9198","4,9174","4,9397","4,8991","","-0,08%"
"02.01.2024","4,9235","4,8533","4,9240","4,8489","","1,46%"
"01.01.2024","4,8526","4,8534","4,8534","4,8534","","0,01%"